Ticker,cumulative_return
INDUSINDBK,-0.30322490576574
ASIANPAINT,-0.15755396909236175
BAJFINANCE,-0.10545510512721112
NESTLEIND,-0.05863182631206543
HINDUNILVR,-0.010921225604207607
ADANIENT,0.004825688900916614
BAJAJFINSV,0.01780207902851605
KOTAKBANK,0.021485734168404047
TITAN,0.042635658914730756
TATACONSUM,0.05956998408178715
